Receiver_ID,Name,Type,City,Contact
1,Donald Gomez,Shelter,Port Carlburgh,955-922-5295
2,Laurie Ramos,Individual,Lewisburgh,761-042-1570
3,Ashley Mckee,NGO,South Randalltown,691-023-0094-856
4,Erika Rose,NGO,South Shaneville,8296491111.00
5,John Romero,Individual,Bakerport,067-491-0154
6,Mandy Sutton PhD,Shelter,East Sharimouth,682-777-5357
7,Kenneth Baker,NGO,South Edwinborough,126-645-6386-4071
8,James Perez,Charity,Benjaminburgh,-8421.00
9,Emily Turner,Shelter,West Robert,001-631-022-6157-520
10,Mary Salazar,NGO,Wrightland,001-187-333-7518-11395
11,Amber Pacheco,Individual,South Gregorymouth,-8390.00
12,Jennifer Bishop,NGO,Katherineside,+1-801-363-6355-49805
13,Jamie Sutton,Shelter,Lake Matthewstad,001-176-847-8920-2687
14,Brian Fischer,Shelter,Burkeside,947-041-3246-326
15,Donald Kelly,NGO,Port Ronald,(935)798-5303
16,Elizabeth Lewis,NGO,Port Tara,500-386-3867-7565
17,Melissa Castillo,NGO,Silvaport,(699)232-9544
18,Lisa Williams,NGO,Moranhaven,360-505-5780-95688
19,Courtney Sanders,NGO,North Cynthiaberg,001-083-754-0501
20,George Palmer,NGO,Sandrahaven,744-838-6083
21,Emily Davidson,NGO,Jonesside,001-893-473-0769-51510
22,Kristina Meza,Shelter,Lake Nicole,-603.00
23,Kurt Ward,Individual,Aliciabury,479-035-9976-19919
24,Tammy Moore,Individual,Monicafort,721-105-5278
25,Lisa Mcclain,NGO,Lake Elizabeth,292-153-9082-59361
26,Kimberly Lindsey,Charity,Port Matthewmouth,+1-979-511-1434-565
27,Johnny Page,NGO,Susanfurt,251-922-2940
28,Mary Franklin,Individual,Courtneyfurt,001-046-188-9986-12178
29,Nicholas Robinson,NGO,Lake Kendra,930-104-8973-8326
30,Bruce Sanchez,Shelter,North Heather,598-459-1819-6171
31,Rose Powell,NGO,Spencermouth,247-152-7297-648
32,Audrey Perez,Individual,Taylorfort,637-025-7736
33,Anita Kerr,NGO,Walshfort,(568)992-9509
34,Megan Alvarez,Individual,North Robert,6244329386.00
35,James Castaneda,Shelter,South Rachaelhaven,932-277-2945-55052
36,Teresa Davis,Charity,Olsonville,001-737-507-3051-34768
37,Angel Adams,Shelter,West Erik,+1-785-849-9596-994
38,Alexander Mullins,Charity,Josephview,(248)481-7680
39,John Ramirez,Shelter,Moorechester,(859)701-8773
40,Abigail Davis,Individual,West Carrie,(307)825-3197
41,Julia Elliott,Shelter,Port Kellyburgh,+1-613-882-6551-33036
42,Maria Jacobs,NGO,Port Dawntown,(225)019-8954
43,Bobby Perry,Charity,Amberfort,(020)628-9733-57055
44,Andrew Lawson,Shelter,Davisborough,622-566-7870
45,Derek Potter,Charity,South Laurachester,497-372-7517-026
46,Kevin Lee,Charity,East Teresahaven,354-253-8089
47,Taylor Dean,Shelter,Moorechester,297-100-5658
48,Jennifer Graham,Individual,East Saraport,001-979-746-0394-487
49,Gabriel Nicholson,Charity,South Tonyaborough,030-052-3339-1285
50,Brian Gonzales,NGO,North Sarah,001-241-438-2803-907
51,Timothy Clark,Charity,Port Johnchester,217-662-1143-941
52,Cheryl Dillon,NGO,Hornemouth,350-146-1578
53,Cassandra Owens,Shelter,Tomburgh,001-813-193-7735-105
54,Veronica Howard,NGO,Higginsmouth,(517)632-2362-07333
55,Erika Rodriguez,Shelter,Larastad,001-732-132-0041-81457
56,Deborah Smith,Individual,Jasonshire,996-039-4276-36961
57,Christopher Lozano,Individual,New Mary,217-827-0862
58,Julia Madden,Shelter,Michaelton,(321)207-8844
59,Alicia Thomas,Charity,Lake Mary,(604)320-0347-3019
60,Jessica Rivas,NGO,Phillipborough,351-783-1595-022
61,John Vazquez,Charity,South Kathleenbury,(237)065-6422-5123
62,Nichole Lewis,NGO,North Catherinefurt,777-445-5269-5255
63,David Turner,Charity,East William,4456052297.00
64,Debra Sheppard,Shelter,North Darinshire,001-726-678-1689
65,Cody Gardner,NGO,Port Belinda,(565)395-0421-232
66,Jade Jackson,Individual,West Jaclyn,098-158-2253-172
67,Rodney Walker,Shelter,Strongshire,001-833-385-7777-5891
68,Wesley Thompson,Charity,Edwardburgh,+1-901-255-2891-97537
69,Scott Brown,NGO,East Dylan,302-197-9398-95559
70,Carolyn Whitaker,Individual,Gregoryville,6651783261.00
71,Timothy Daniel,Charity,New Gloriaburgh,001-562-181-9662-9861
72,Charles Davidson,Shelter,West Angelatown,-3948.00
73,Kimberly Mills,NGO,Christineton,288-821-5439
74,Patricia Smith,NGO,Laurafurt,(220)453-5600
75,Nicholas Smith,Charity,Manningtown,-2689.00
76,Anna Lopez,Individual,North Jenniferside,001-805-624-5306
77,Juan Spencer,Individual,North David,+1-144-242-7963-89583
78,Aaron Davis,Shelter,Marshallton,231-082-0755
79,Meagan Ramirez,Charity,Angelaville,001-671-666-7691-55556
80,Eric Jackson,Individual,Knightburgh,7326023388.00
81,Theresa Ramirez,NGO,Port Gregoryport,+1-582-895-7478-325
82,Laura Bennett,NGO,Evansside,(379)719-1693-40160
83,Julie Hines,NGO,Davidview,143-601-6545-48405
84,Deanna Lewis,NGO,East Kelli,938550061.00
85,Jeffery Mueller,Charity,Lake John,3024932900.00
86,Jessica Grant,Charity,Smithshire,601-132-1809-716
87,Tammy Walker MD,Charity,West Ronaldland,(982)044-7177
88,Eric Ryan DDS,NGO,Lake Daniel,001-677-794-6847-02126
89,Mr. David Lambert,Individual,Robinsonside,(929)841-1999
90,Alvin West,Shelter,Kellybury,(417)314-8724
91,Ashley James,Charity,Garrettborough,192-784-7581-225
92,Bridget Peterson,NGO,Greenton,(509)037-6331-927
93,Allison Bray,Individual,Alexatown,001-122-277-3588
94,Timothy Patel DVM,Charity,New Jessica,+1-046-832-9667-841
95,Anthony Green,NGO,Laurafort,001-706-024-9230-5313
96,Michael Walls,Individual,Carterside,650-930-7741
97,Nathan May,Charity,South Veronicaburgh,(808)784-9354
98,Brian Cowan,Individual,Henryhaven,(234)142-1265-21005
99,Nancy Silva,Individual,Russellville,929-221-3591-105
100,Melissa Little,NGO,Robertaborough,(250)263-7746-235
101,Nicole Reid,Shelter,Hollytown,808-564-6895
102,Daniel Burton,Individual,North Matthewhaven,972-284-4190-487
103,Karen Cruz,Individual,West Justin,(500)583-5978
104,Victor Reyes,Charity,North Joshuafort,+1-411-230-8872-5335
105,Trevor Wilson,NGO,North Pamela,001-651-719-1403-4050
106,David Johnson,Individual,Lake Rebecca,035-019-0294
107,Jessica Morris,NGO,Port Elizabethton,(137)776-1761
108,Suzanne Dawson,NGO,East Josephstad,+1-682-159-2143-3841
109,Rachel Nguyen,NGO,Theresamouth,(040)545-2043
110,Karla Castillo,NGO,Lake Michaelton,192-811-2685-97518
111,Deanna Flores,NGO,West Johnny,6692949581.00
112,Brady Lopez,Individual,Michaeltown,831-275-5906-807
113,Jonathan Young,Shelter,Georgeborough,164-864-1786-77029
114,John Chase,NGO,Meganton,530-424-6470-4854
115,Anthony Carter,Shelter,Scottmouth,(499)726-7360
116,Mark Lee,Individual,Port Teresa,001-983-757-6830-086
117,Kelly Pierce,Shelter,East Heatherborough,517-232-1717
118,Matthew Tran,Charity,South Franciscoport,583-144-1560-457
119,Jasmine Robertson,Individual,Deanview,001-388-078-6769-4237
120,Matthew Ramos,Shelter,Kennethberg,(503)563-9703-9449
121,Gavin Freeman,NGO,Ayalamouth,7826814168.00
122,Drew Cline,NGO,Port Patriciachester,517-828-7715
123,Teresa Williams,Charity,South Alexandraport,(673)228-8829-64732
124,Marie Andrade,Charity,Meghanfort,314-096-2823
125,Tammy Smith,Individual,Campbellchester,001-668-537-1925-410
126,Heather Brown,NGO,North Lori,(836)116-1365-8718
127,Hayden Hill,NGO,North Roger,1431125754.00
128,Sarah Carter,Charity,New Benjamin,001-513-018-5852
129,Denise Martinez,Charity,Drakeburgh,(463)887-8557-617
130,Matthew Hughes,Charity,Marieview,468-431-4471
131,Shawn Mills,Charity,Jeffhaven,-2932.00
132,Katherine Gomez,Charity,South Jasonberg,(609)802-2108-3673
133,Robert Johnson,NGO,West James,301-749-5770
134,Emily Christian,Individual,Marcusberg,(724)629-2189-533
135,Jeanne Spencer,Shelter,Huntermouth,987-474-6001-775
136,Katherine Murphy,NGO,New Elaine,675064790.00
137,James Jones,NGO,Bakerfort,1224216342.00
138,Christina Potter,NGO,Phillipsbury,+1-366-144-4542-657
139,Charles Martin,NGO,New Christopher,(586)009-0817-964
140,Kristin Scott,Shelter,North Christina,598-905-9117
141,Christine Gray,Individual,Dawnview,001-466-538-0401
142,Melody Good,NGO,Wilsonfort,8802732716.00
143,Amanda Hendricks,Shelter,Nancyshire,009-494-1313
144,Jennifer Nelson,Individual,North Paul,(613)802-7241-644
145,David Hull,Shelter,Tanyachester,139-804-6633
146,John Cummings,Individual,Joshuamouth,1344646051.00
147,Sara Wise,NGO,New Shannonbury,086-773-6881-8590
148,Robert Simon,NGO,North Amandafort,(172)646-7107-977
149,Nathan Willis,NGO,Danielfort,830-318-9696-322
150,Kelly Howe,Charity,Davidmouth,096-059-3098-621
151,Lisa Eaton,Shelter,New Aimeemouth,342-869-6733
152,Jasmine Miranda,Individual,Caseyland,913-509-4800-3395
153,Jason Holmes,Individual,Williamtown,+1-865-533-0612-9768
154,Thomas Johnson,Shelter,Lake Victoriaport,6267945876.00
155,Christopher Kennedy,Shelter,Patriciaton,509-179-8044
156,Corey Mitchell,Charity,Jacobsmouth,001-392-115-8557-9367
157,Jason Davis,Individual,Charleston,523-114-6883
158,Gregory Murphy,Individual,South Ashley,(090)319-2480
159,Angela Cortez,NGO,Lisaton,+1-685-216-4851-71780
160,Tracy Hartman,Charity,South Jill,-10250.00
161,Mary Nguyen,Charity,Mcclurestad,+1-453-182-2743-789
162,Douglas Baxter,Individual,Amandaville,+1-139-598-2308-18363
163,Jennifer Anderson,Charity,Daleshire,-4586.00
164,Aaron Scott,Charity,Heatherfurt,(075)863-3168-28937
165,Danielle Bailey,Shelter,East Sarahtown,(326)806-0927-09574
166,Danielle Willis,Charity,Ginamouth,870-458-3747-34840
167,Erica Fox,Charity,West Shawn,001-029-918-8786-2118
168,Kayla Johnson,Shelter,East Timhaven,786-534-5065
169,Jon Stanton,Charity,Nguyenfurt,467-723-2786-8881
170,Adam Browning,Charity,Port Erica,196-596-9067
171,Suzanne Velasquez,NGO,Joanchester,(305)672-4633-961
172,Nicole Brown,Charity,Thomaston,216-121-6760
173,Jason Moore,NGO,West Courtneyport,913-468-5154-18139
174,Matthew Johnson,Individual,Smithstad,285-859-0597
175,Stephanie Hoffman,Individual,New Tiffany,(972)598-5363-199
176,Brendan Farley,NGO,Nicoleport,376-330-3007
177,Tonya Lucas,NGO,Robertsonchester,+1-913-542-6523-9521
178,Deanna Jarvis,Shelter,Port Emilymouth,(799)565-8611
179,Adam Hodge,Charity,West Krystalview,+1-163-751-5462-947
180,Michelle Cook,Shelter,Peterhaven,(412)902-4858
181,Paul Evans,NGO,Smithshire,3222400397.00
182,Troy Miller,Charity,Seanside,8901485867.00
183,Nicole Walker,Individual,Thomasland,001-617-475-6913-02561
184,Matthew Sanchez,Individual,Port Melissa,001-715-920-1622-23981
185,Shannon Pineda,Individual,Lake Amanda,129-249-0893-786
186,John Massey,Shelter,Heathertown,4995907798.00
187,Amy Thomas,Shelter,Lake Erica,+1-215-295-0597-4795
188,Tina Ingram,Charity,Angelicatown,+1-967-134-3646-12054
189,Stephen Smith,Individual,Maxberg,(690)326-1349-605
190,Maria Jackson,Charity,North Shelby,016-041-6963-060
191,Brent Anderson,Shelter,New Seanburgh,2254787600.00
192,Rhonda King,Individual,Toddborough,367-958-5492
193,Jesse Brown,Charity,Figueroaport,001-481-425-0706-82893
194,Alan Campbell,NGO,Shawmouth,(942)807-0793-71978
195,John Martin,Charity,New Jason,581-174-6644-358
196,Tara Bauer,Charity,Port Dustin,(709)935-2878
197,Deanna James,Shelter,East Tinamouth,839-100-6940-3681
198,Scott Anderson,Individual,East Teresamouth,733-296-8887
199,Ashley Rivers,Individual,East Sharon,+1-988-051-2193-6577
200,Nicole Williams,NGO,East Jillian,+1-785-780-7784-633
201,Calvin Lucas,Individual,Corybury,4177309502.00
202,Veronica Coleman,NGO,North Mario,(096)512-5528-76619
203,Vincent Matthews,Shelter,Allenmouth,335998576.00
204,Rachel Thomas,Individual,North Lindachester,(417)873-5848-16786
205,Kimberly Wilkins,Charity,West Casey,3783162949.00
206,Ashley Brooks,Individual,Ramseystad,428-820-9314
207,Nicholas Holloway,Shelter,South Kendraville,719-821-9201
208,Michael Flores,Charity,Andrewmouth,+1-972-682-8043-628
209,Gina Payne,Individual,Steveberg,(960)884-6634-1029
210,Tara Mcmahon,NGO,South Anna,283-528-8473
211,Judy Griffith,Charity,Baileyville,+1-255-391-6382-12809
212,Ronald Gonzalez,Shelter,Stevenmouth,+1-946-378-3210-0415
213,Kelly Barber,NGO,Emilymouth,259-420-4088-04690
214,Corey Rodriguez,NGO,New Roseville,+1-866-544-7425-907
215,Mr. Matthew Johnson DDS,Charity,Port Stephen,1733110659.00
216,Morgan Massey,Charity,West Amybury,929-286-6902
217,Kelsey Holloway DDS,Charity,Ashleyborough,(300)705-1978-78749
218,Corey Lamb,Charity,New Daniel,882-893-9920
219,Alex Rogers,Charity,Lake Austinmouth,-1648.00
220,Cassandra Mendoza,NGO,Dantown,2612673922.00
221,Rebecca Goodman,Shelter,Robinsonland,(392)221-8538-523
222,Stephanie Jones,Shelter,West Aaronport,001-029-940-1111
223,David Henderson,Charity,Hallside,(976)946-9613
224,Franklin Kelley,Charity,East Jacob,2077678809.00
225,Joseph Bowman,NGO,West Jessica,001-363-434-2847-24463
226,Daniel Kerr,Charity,Fergusonton,(548)955-9384-8406
227,Samuel Hodge,NGO,Port Maria,302-463-7516
228,Joanna Wilkins,Charity,Singletonview,(796)888-1488
229,Tina Watkins,Shelter,Bushview,7774795306.00
230,Nathaniel Moreno,NGO,Poolestad,(816)818-9063-631
231,Christopher Barrett,Charity,Port Brianville,+1-099-740-1254-66035
232,David Smith,Charity,Davidshire,106-465-7709
233,Alicia Porter,Charity,Port Ericmouth,001-652-614-2884-66578
234,Keith Atkinson,Charity,Lake Julia,686-968-4161-069
235,Megan Freeman,NGO,Rogerburgh,+1-510-274-6183-0559
236,Duane Burnett,Charity,New Derek,001-590-114-4533-323
237,Cathy Adams,Shelter,West Josephshire,269-061-4726
238,Kendra Krause,NGO,Davisburgh,(450)032-0502
239,Lindsay Garcia,NGO,North Kimberlyport,722151225.00
240,Ronald Miller,Shelter,Edwardsside,180633263.00
241,Elizabeth Dunn,Charity,Wilsonfurt,(069)221-0114
242,Matthew Pearson,NGO,Garciaview,6212235497.00
243,Alexis Smith,NGO,West Vickie,001-272-079-3939-93350
244,Jason Ramos,Shelter,Carolhaven,146-014-0992-777
245,Rebecca Sanchez,Shelter,New Craig,586-413-7361
246,Kristi Wagner,Shelter,Lake Darrellburgh,264-255-1562
247,John Mitchell,Charity,Aaronshire,001-095-184-7835
248,Victoria Lee,Charity,New Abigail,979-786-2359-15290
249,Zachary Lewis,Charity,Lake Kelli,318694632.00
250,Jamie Ferguson,Charity,Jenniferberg,001-052-150-4048-243
251,Sarah Hodges,NGO,Martinland,001-016-163-1445
252,Angela Dunlap,Individual,New Julian,854-203-2129
253,Adam Pittman,NGO,West Christiantown,455-915-1588-8706
254,Felicia Wilkinson,Shelter,Williamsfort,4034230469.00
255,Walter Myers,Individual,New Tina,+1-285-278-8381-0454
256,Derek Wilson,Individual,Christopherland,+1-963-859-7585-002
257,David Bryant,Shelter,South Amy,434-290-3119-1927
258,Scott Grant,Individual,Port Samantha,001-691-849-8860-97955
259,Aimee Stone,NGO,Barnesport,104-394-7041-83013
260,Patricia White,Charity,Lake Jessicaborough,(434)635-4716-587
261,Maria Lang,NGO,East Moniquemouth,(795)261-1223-445
262,Autumn Reed,NGO,East John,-250.00
263,Ann Mcclure,Shelter,West Johnmouth,335-776-9231
264,Sandra Townsend DVM,NGO,West Kelly,+1-135-886-0842-42924
265,Rebecca May,Individual,Murrayview,(783)144-3726
266,Stacy Mayo,Shelter,Bauerton,+1-364-925-2936-855
267,Randall Robbins,Shelter,Dylanton,-6493.00
268,Steven Morton Jr.,Shelter,Kellybury,(884)503-7406
269,Mrs. Paula Jones,Individual,Emilymouth,(935)377-2742-36543
270,Darlene Fernandez,Shelter,Monicaton,792874429.00
271,Mark Hartman,Individual,East Ashleyshire,818-015-1582
272,Walter Carter,Shelter,Brianchester,(170)734-4123-02001
273,Jonathan Soto,Charity,Autumnbury,247-993-8111-9057
274,Robin Ross,Individual,East Williamborough,(780)754-0093
275,Michael Johnson,Individual,Longmouth,081-042-8712
276,Scott Hunter,Individual,Greenton,074-305-5053-60975
277,Austin Jones,Charity,Brandonside,(601)474-8397-472
278,Jay Roberts,Shelter,West Christopher,(435)815-1380-935
279,Angela Wyatt,Charity,Port Jessica,592-913-1646-3179
280,Jesse Miller,Shelter,Port Samanthamouth,142-076-4130-9854
281,Mrs. Kristin Adams DDS,Charity,Lake Christychester,073-764-3235
282,Lisa Pitts,Shelter,Lake Stephenport,001-709-342-3522
283,Edward Cook,Charity,Isaiahtown,990-534-5202-158
284,Beth Sanchez,NGO,Dustinfurt,896-737-8178-2821
285,Derrick Curtis,NGO,Stephaniechester,140-095-1639-5596
286,Travis Hughes,Shelter,Castilloland,(905)976-6704-97813
287,Jennifer Johnson,Charity,Burnettton,7970971389.00
288,Christopher Larsen,NGO,Susanview,146-422-6270
289,Nathan Reynolds,Shelter,Lake Tina,295226591.00
290,Karen Brennan,Shelter,Hannahside,6935324960.00
291,Dawn Thompson,Charity,North Josephland,141-973-6585
292,Mrs. Emily Smith DVM,NGO,Shermantown,(348)542-4932-868
293,Randy Roach,Charity,East Bryan,888-534-4534
294,Cynthia Horton,NGO,Jamesstad,535-576-5970-774
295,Joseph Williams,Individual,East Dale,001-112-513-9413
296,Pamela Santos,Shelter,Lake Michael,865-186-5350-045
297,Deanna Daniels,Individual,Aguilarstad,001-436-929-2288
298,Robert Burke,NGO,Marksmouth,995-297-8023-0932
299,Michael Curtis,Shelter,Alexanderbury,+1-523-687-8881-66849
300,Jeanne Benjamin,NGO,North Alexander,595-000-7971-3446
301,Kristina Simpson,NGO,Melissaport,3752453906.00
302,Daniel Moore,Charity,Port Richard,176-809-8232-828
303,Joseph Davis,NGO,Millerport,779-802-6319-67760
304,Jennifer Ayala,NGO,Edwardshaven,(929)015-8411-75681
305,Brendan Vargas,NGO,Kellyville,981-660-6741-707
306,Donna Williams,Charity,Calebview,083-313-0990-09518
307,Logan Becker,Charity,North Patriciamouth,-1896.00
308,Robin Pena,NGO,Cynthiashire,691-775-8145
309,Bryan Smith,Individual,New Julia,001-127-550-6441-5817
310,Gary Adams,Individual,New Sara,001-323-823-4026-61837
311,Tina Jackson,Charity,Geraldchester,103-002-5677
312,Pamela Morales,NGO,Schaeferfort,(791)624-2530-9708
313,David Marsh,Shelter,North Kimberlyfort,(498)526-5768-31348
314,Kelsey Smith,Shelter,Haleymouth,(764)989-3036-77897
315,Anthony Harris,Individual,West Aaronberg,811-306-2805
316,Jacob Montoya,NGO,Meganmouth,609-858-6366-85166
317,Martha Flores,NGO,Lake Glenview,568-426-0750
318,Michael Carter,Charity,Danielborough,+1-149-468-9647-5327
319,Donald Bender,Charity,Andersenfort,(262)899-6349-569
320,Carmen Barker,Shelter,North Williamview,001-151-284-3163
321,Wanda Wise,Shelter,South Bethanyport,(940)028-0493-49472
322,Stephanie Mathews,Shelter,North Ashleymouth,+1-852-242-7762-49312
323,Linda Banks,Individual,New Sarahmouth,323-540-9403-92583
324,Kristine Martin,NGO,Thompsonhaven,444-954-4127-16438
325,Lawrence Owens,Individual,South Amybury,-8967.00
326,Douglas Jacobs,NGO,East Gina,819-072-2490-353
327,Aaron Keller,Shelter,Melissaview,799-568-0302
328,Carlos Lawrence,Individual,New Justinhaven,272-580-3538
329,Christine Patterson,Individual,Edwardfort,001-270-907-0981-5520
330,Kimberly Hamilton,Individual,North Bruce,398-486-8232-9944
331,Shane Stein,Individual,Reidton,(086)799-6277-14274
332,Raymond Harris,Charity,Hammondfort,173-185-2783
333,Gabriel Vargas,Charity,Chaseview,001-343-254-2598
334,Gina Wu DDS,Shelter,Lake Melindaside,(484)350-0946
335,Deborah Sexton,Shelter,Victoriastad,899-936-4720-6569
336,Laura Marshall,Charity,East Lisafurt,+1-389-167-7916-81453
337,Jennifer Schmidt,Individual,South Michelleshire,007-561-4094-27296
338,Patrick Zimmerman,Shelter,Thomasberg,(913)638-9318-024
339,Dustin Johnson,Individual,Gomezmouth,001-171-995-2815-84366
340,John Baxter,NGO,New William,894-441-9136-66913
341,Anna Buckley,Individual,Murphyfort,421-281-9097-013
342,Kristina Vargas,Charity,Lake Rebeccaton,364-779-6707-066
343,Roberto Stanley,Shelter,Melindaview,(273)299-4177-0763
344,Barbara Velasquez,Charity,Priceborough,(669)247-4183
345,Eric Ramos,Individual,Rushfurt,515-928-1587-32812
346,Mr. Mark Knight DVM,Charity,East Joseph,757-796-7872-2411
347,Michael Keller,Individual,New Derek,(000)572-1246-444
348,Donna Hughes,Individual,Maryfort,352-520-3779-375
349,Gwendolyn Johnson,Individual,West James,649-714-9926
350,Sylvia Stanley,Shelter,Jenniferbury,065-230-0281
351,Kerry Jones,Charity,New Christopher,725-779-5651
352,Cody Martin,Individual,Angelamouth,(239)678-6580-09652
353,Mrs. Stacey Morales MD,Individual,Juliastad,866-050-9817
354,Kimberly Nelson,Charity,Lake Lesliemouth,(009)475-3945
355,Brian Hoffman,Shelter,Lake Dillonborough,(718)753-5421-7242
356,Brian Cherry,Charity,Swansonport,-3054.00
357,Jacob Orozco,Individual,West Jeffrey,787-834-8225
358,Brian Davis,Charity,Williamsfort,(750)646-5852
359,Travis Walker,NGO,West Dan,(843)905-0785
360,Tammy Boone,Shelter,New Christopher,301-713-7646-501
361,Samuel Lewis,Individual,North Nicole,001-381-807-5033-358
362,Elizabeth Collins,Shelter,Johnland,(601)532-8275-383
363,Stephanie West,Charity,North Jamesfurt,001-794-254-5542
364,Keith Gray,Charity,New Corey,001-297-087-3713-91812
365,Melissa Green,Shelter,South John,621-698-0426-1205
366,Tony Holmes,NGO,Jaredport,623-131-4040-0485
367,Ricardo Roberts,Individual,West Matthewborough,(371)857-1738-24461
368,Debra Murray,NGO,Duncanchester,566-832-5437
369,Sherry Hall,NGO,Davidmouth,256-166-3623-2267
370,Tara Johns,Individual,Paulmouth,374-171-5991-58449
371,William Frederick,NGO,Port Dean,001-228-551-9866
372,Harold Bowen,Charity,South Barbaraburgh,732-692-1653-04238
373,Seth Esparza,Shelter,Port Brandonberg,2597616873.00
374,Ricky Walker,Individual,Port Johnstad,001-066-700-7862-511
375,Melissa Smith,Shelter,Lake Stevenburgh,-6384.00
376,John Reeves,NGO,Jamieview,+1-050-306-9244-20943
377,Patrick Campbell,NGO,Leeton,7058064686.00
378,Brandi Buckley,Shelter,Lawrencechester,518-742-2945-12087
379,Tara Graham,Shelter,Lake Cory,617-869-7697
380,Heather Silva,Charity,Lake Ryan,1340826530.00
381,Yvette Huffman,Charity,Reevestown,8398518386.00
382,Patricia Stevens,Shelter,Perezport,001-628-479-0049-980
383,Melissa Kennedy,Individual,West Tina,(129)335-4916-24644
384,Anthony Guerra,Charity,North Michelle,102-222-7070-5313
385,William Barnes,Shelter,Kellyfurt,(257)241-0749-262
386,Mary Hopkins,Individual,Tiffanyport,001-476-350-8465-7500
387,Michael Proctor,Charity,Lisafurt,(119)549-4969
388,Nicole Mueller,Charity,Rachelberg,241-269-1178
389,Kelly Buchanan,Charity,Lake Jonathanchester,106-927-5178-0789
390,Victor Crawford,NGO,New Brandonton,+1-389-087-5252-62752
391,Regina Munoz,NGO,Lake Clinton,585-955-3149
392,Tracy Douglas,NGO,Gordonstad,+1-084-522-8932-8580
393,Dana Simmons,Shelter,West Jorge,005-720-2323-75794
394,Kyle Kerr,Charity,Sarahville,(065)853-7158-4157
395,Joseph Davis,Charity,Sherryhaven,426-870-2757-6102
396,Allison Martinez,NGO,New Amy,(945)511-1142-655
397,Mr. Robert Rivera II,Individual,Bergerport,+1-470-154-5478-4289
398,Alex White,Charity,Port Carmen,(226)363-8449
399,Jennifer Hughes,Charity,West Donnaton,001-147-430-1204-8556
400,John Byrd,Shelter,West Randall,(219)313-6702-212
401,Leslie Acevedo,Charity,Lake Matthew,(028)737-3556-89803
402,Nicholas Mosley MD,Individual,North Manuel,-8218.00
403,John Collins,Shelter,New Deborahville,001-237-766-3335
404,Marissa Fischer,Shelter,New Kevin,(454)463-8142-8597
405,David Evans,Shelter,Chambersmouth,(316)221-9715
406,Ashley Martinez,NGO,Lake Crystal,151-521-2736
407,Arthur Thomas,Charity,Clarkhaven,001-797-615-8560-7849
408,Jennifer Mccoy,Individual,Morganville,(430)171-1148-1808
409,Matthew Simmons PhD,Shelter,Brandonhaven,001-040-668-4559-58950
410,Betty Reid,Charity,North Abigail,001-526-626-7117-20926
411,Eric Kaiser,Shelter,West Mikayla,001-493-969-0455-844
412,David Carney,NGO,Port Dianemouth,001-710-732-1565-428
413,Dennis Schultz,NGO,New Natalieland,(348)049-0216
414,Dr. Matthew Hughes DDS,NGO,Christopherchester,+1-126-714-2290-91321
415,Kevin Blair,Individual,Lake Laurenburgh,(887)033-5757-4595
416,Ernest Cox,Shelter,Christinaland,(061)462-4166
417,Justin Santos,NGO,Rayfurt,953-221-6291-3146
418,Miss Mary Turner,Charity,North Holly,899-330-2450
419,Teresa Jackson,Shelter,Port Thomasstad,001-620-115-6715-07034
420,Susan Green,Charity,Josephborough,+1-716-778-7428-09975
421,Jonathan Copeland,Shelter,Jonathanview,836-048-1897-257
422,Tina Bean,Charity,South Tyler,001-877-090-0264-425
423,Christine Bell,Individual,South Edwardburgh,(172)033-3196-74489
424,Pamela Harris,Charity,Lewisfort,320-562-3060
425,Robert Chavez,NGO,Chadport,(886)049-9104-019
426,Jose Rivas,Shelter,Rosaleschester,001-411-455-9848-386
427,Toni Johnson,NGO,Lake Steven,(045)229-8601
428,Elizabeth Galvan,NGO,Lake Karen,-2143.00
429,Daniel Williams,Shelter,Russellburgh,2886093038.00
430,April Johnson,NGO,Pagemouth,(540)486-0312
431,Mr. Gregory Thompson,Charity,East Douglas,725-348-5813-15130
432,Julie Brown,NGO,East Melissaport,(544)200-6673-39918
433,Michael Dunn,Individual,Lake Kyleside,001-263-994-2712
434,Jason Alvarez,NGO,South Connorview,(107)164-5994
435,Whitney Evans,Shelter,Martinezside,001-355-911-9659
436,Jacqueline Turner,NGO,Robertsport,937-841-8251
437,Lindsey Lewis,Shelter,West Rogerview,001-610-209-8312
438,Jane Davis,Individual,Lake Joshuaville,001-480-554-8487-778
439,Erika Lopez,Shelter,North Margarethaven,117-027-1702
440,Alexander Walsh,Individual,Troyshire,001-443-638-7858-7009
441,Cynthia Johnson,Charity,West Cherylland,716-098-0270-507
442,Natasha Harper,NGO,Port Sara,(474)763-3272-81635
443,Brittany Anderson,Individual,Port Michaelmouth,610-921-4134-12104
444,Michael Simmons,Individual,Coreymouth,427-237-3480-5364
445,Christopher Williams,NGO,North Kathryn,(304)550-4023-26262
446,Eric Mays,NGO,Port Deborahbury,555-698-7496-465
447,Erika West,Individual,Mikemouth,409-663-4270-89860
448,Nicholas Harrison,Shelter,New Timothymouth,155752106.00
449,Mrs. Valerie Hartman,NGO,Port Jenniferborough,1271218776.00
450,Russell Smith,Charity,New Rebecca,+1-581-575-6141-390
451,Marcus Gregory,Shelter,Hollyside,(452)490-4054-2105
452,Tina Banks,Charity,Port Judith,986-535-7620
453,Kristen Alvarado,NGO,Davidport,001-965-776-9092-06414
454,Steven Griffin,NGO,Cruzborough,511-595-0189
455,Jennifer Kennedy,Individual,Port Deborah,9581893095.00
456,Rodney Perkins,Charity,Lake Christina,2914238876.00
457,Ryan Cole,Charity,Sandratown,001-477-548-6956-3901
458,Michael Vargas,Charity,East Andrewhaven,(932)466-1933-7047
459,Brandon Riley,NGO,Powerston,742-364-6134
460,Karen Stafford,Shelter,West Justinberg,(040)774-3704
461,Tonya Lewis,NGO,Edwardport,9693197491.00
462,Timothy Martin,Charity,Lake Adriennechester,686804383.00
463,Frank Jackson,Charity,North Jeffreychester,441-504-6385-08595
464,Richard Parsons,Shelter,Bushbury,+1-781-993-1106-42127
465,Makayla Davis,Shelter,Chrisport,282-929-9573
466,Christine Ashley,Individual,South William,(067)618-4352-8380
467,Nathan Gonzales,Charity,East Daniel,543-908-4807-329
468,David Castro,Shelter,Heatherhaven,701-529-8611-3352
469,Steven Martinez,Individual,Johnsonberg,(772)398-6224
470,Edwin Osborne,NGO,North Robinville,160-605-7945
471,David Fuentes,NGO,North Kimberlyland,767-966-0659-378
472,Brian Hill,Charity,Port Dominique,001-468-666-0994-3200
473,Justin Powell,Shelter,Port Sarah,001-823-112-3947-46965
474,Christine Lawrence,Charity,Bobbyfort,(936)378-6017
475,Kim Gamble,Individual,East Ginafort,(076)275-8691
476,Jennifer Baker,Shelter,Castilloshire,+1-340-509-3899-3380
477,Jorge Young,Shelter,Lake Rebeccaton,208-678-3432
478,Benjamin Wilson,NGO,West Aliciaburgh,(522)862-6624
479,Karen Reeves MD,NGO,Lake Mitchellbury,365-174-3809
480,Michael Roberson,NGO,South Davidstad,821-945-1712-4447
481,Heather Brown,Shelter,New Michaelport,001-137-622-5038-219
482,Timothy Garrett,NGO,Andersonview,9075323328.00
483,Emily Sandoval,Charity,Port Gregory,076-207-0611
484,Mary Harrington,Shelter,Port Jason,(773)159-6013-005
485,Debbie Cox,Charity,Christopherchester,001-858-989-1478-60960
486,Ronald Brown,Shelter,New Dustin,(768)201-4672
487,Micheal Peterson,NGO,West Jeffreyfurt,094-330-4095
488,Patrick Jenkins,Charity,West Richard,(117)098-8608-39905
489,Erin Foster,Charity,Jessicatown,104-981-9543-8798
490,Tiffany Smith,NGO,Port Brandon,150-954-1064-502
491,Molly Edwards,Charity,Rodriguezborough,3469124779.00
492,Julie Lewis,NGO,South Steven,(557)352-3497-4606
493,Chelsea Powell,Charity,Lake Rachelburgh,001-527-059-4168-72504
494,Timothy Chavez,Individual,Brooksmouth,(939)046-4362-26066
495,Andrea Meyer,Individual,Christophertown,001-579-575-4238-796
496,Kristina Park,Charity,Langburgh,001-608-542-0101
497,Miss Jamie Gonzalez DDS,Charity,Proctorville,(011)132-1619-1390
498,Dennis Ford,Charity,Port Derekland,560-838-8104
499,Ricky Harmon,Individual,Port Chaseport,817-399-8610-569
500,Richard Patterson,Charity,Huynhmouth,1091960030.00
501,William Davila,Individual,Gilbertborough,632-044-8155
502,Carly Austin,Charity,Connerland,588-696-9694-7636
503,Eileen Scott,Charity,Lewismouth,(834)331-4178-57771
504,Michael Williams,Shelter,Matthewhaven,001-511-204-6271
505,Alexandra Owens,NGO,Bradleyland,927-996-1259
506,Mrs. Kim Blackwell,NGO,Port Margaretport,(978)017-2536
507,Destiny Maldonado,Charity,Carlosfurt,264-754-6432-2877
508,Kimberly Wilson,Individual,Susanville,9903662975.00
509,Drew Edwards,Charity,Huffmouth,+1-910-217-0650-58040
510,Jeremy Christensen,Individual,Ashleyborough,678-777-3829
511,Kimberly Cox,NGO,Lake Gloria,628-904-6503
512,Anne Stone,Shelter,Pittsville,(468)482-9531-7575
513,Dr. Ryan Gilbert,Individual,Sarahaven,527-386-4611-5297
514,Ashley Bell,Shelter,Olsonland,+1-733-905-4924-97502
515,Misty Downs,NGO,Robertview,064-359-6470
516,Gary Myers,Shelter,Turnerhaven,001-669-919-8102
517,Taylor Wolfe,Individual,New Travisland,516-367-4140
518,Katrina Smith,NGO,Stephanieberg,577-112-9949-6527
519,Elizabeth Salazar,Shelter,Paynestad,(655)147-4123-411
520,Alexandra Jones,NGO,Lisaborough,925-839-2741
521,David Robinson,NGO,Carolinebury,-10053.00
522,Veronica Robinson,NGO,East Cynthiahaven,(108)881-7279
523,William Fox,NGO,Port Angelafurt,228-002-6281
524,Tiffany Rodriguez,Charity,Ramirezhaven,+1-976-624-2718-90881
525,Michael Dixon,Charity,Rebeccaview,579-632-5450-933
526,Brian Morales,NGO,Darinland,409-939-7232-9674
527,Kelli Fuentes,NGO,East Peter,001-579-200-2768-448
528,Alexander Dean,Charity,New Robert,+1-291-500-3349-3774
529,Amy Perez,Charity,West Jacquelineland,001-692-634-3701-202
530,Lindsay Yates,Individual,Diazshire,+1-988-586-7568-1040
531,Alexandra Rogers,Charity,Paulaburgh,911-326-3274-85954
532,David Sellers DVM,Individual,South Michaelfurt,492-321-3443
533,Joseph Knapp,Shelter,New Michael,117-096-9114
534,Megan Miller,Individual,Anthonyport,252-665-5472
535,Jane Avila,Shelter,Christinahaven,329872893.00
536,Margaret Lloyd,Shelter,Phillipston,+1-551-266-7292-92504
537,Earl Eaton,Shelter,Port Michaelport,764237778.00
538,Ronald Norton,Individual,Carterton,+1-311-060-5846-0735
539,Jessica Lee,NGO,Vasquezberg,129-597-1071
540,Cristina Curtis,Individual,East Davidbury,504-722-0994
541,Amy Brown,NGO,Shelbyland,752-956-3208-04024
542,Savannah Neal,Individual,Ashleeside,(750)257-4736-9555
543,Brenda Green,Charity,Jacobmouth,001-344-515-4579-388
544,Matthew Wright,NGO,Port Traci,001-782-074-4708
545,Peter Allen,Individual,Port Kristinechester,-2881.00
546,Meagan Hughes,Charity,Lake Lance,(109)364-9434
547,James Kennedy,Charity,South Donaldshire,543-901-8742-48816
548,Gary Andrews,NGO,Gonzalezstad,-3822.00
549,Trevor Lam,NGO,New Alexismouth,726-277-0665
550,Shawn Gibson,Individual,South Eric,001-268-793-0427-33000
551,Kyle Vega,Shelter,West Alexandra,-7638.00
552,Jeremiah Jones,NGO,Shaneport,322-311-4182
553,Scott Proctor,Shelter,Adamland,(998)282-2315-7499
554,Margaret Mccullough,Charity,Ortizmouth,888-890-3956
555,Mary Lewis,Individual,Port Richard,-10088.00
556,James Wolfe,NGO,Woodsfurt,(337)791-7990-5443
557,Andrea Mcdaniel,NGO,Kingville,(938)395-0602-60948
558,Samantha Salinas,Charity,Rayberg,001-301-396-8153-96235
559,Randy Martinez,Shelter,Brownville,001-788-451-1379-961
560,Matthew Mendez,Shelter,South Meganland,+1-406-192-3141-20799
561,Andrea Morris,NGO,Hallton,(151)391-8350-82191
562,Antonio Murphy,NGO,West Kevin,+1-177-564-0300-9110
563,Brandon Johnson,Charity,Randyville,150-160-9543-250
564,Justin Smith,Individual,Pottertown,-4692.00
565,Brian Blankenship,Charity,East Jordanborough,+1-450-291-6223-9898
566,Michael Lewis,Individual,East Kimberlymouth,072-078-1249-988
567,Peggy Knight,Shelter,North Michaelville,293-241-7469-5110
568,Melissa Mclaughlin,Charity,Roberttown,671-908-7777-08364
569,Danny Randolph,Shelter,South Yolanda,029-011-8582
570,Anthony Cochran,Individual,Port Todd,+1-960-253-0828-4007
571,Lydia Phillips,Shelter,North Hollyland,(704)162-2429
572,Diana Blair,Shelter,Murrayside,001-632-774-3398-50003
573,William Clark,Shelter,Port Courtneyland,4689527647.00
574,Mr. William Hunt,Shelter,Barreratown,564-854-6978-7462
575,Jennifer Davila,Shelter,Hollandburgh,+1-401-371-8447-5866
576,Justin Lopez,Individual,East Stephenton,(526)153-8449-436
577,Thomas Burch,Charity,North Lori,3908825868.00
578,Larry Bradshaw,NGO,Lake Cody,001-843-597-3151
579,Nancy Guerrero,Individual,South Elizabeth,(891)381-7696
580,Yesenia Solomon,Charity,Port Paulaton,7765870514.00
581,April Mcintosh,Charity,North Sherribury,925-387-5931-9388
582,Douglas Cook,Shelter,Hunterbury,872-454-8537
583,Sean Henderson,NGO,Lake Gregory,553-326-4934-118
584,Austin Vance,Shelter,Whiteside,(074)087-1962-83029
585,Mark Lewis,NGO,Lisaview,+1-894-554-0220-5777
586,Amy Barker,Shelter,North Nathanville,001-806-821-3010-5044
587,Jennifer Clark,NGO,Spencermouth,+1-862-196-7109-9671
588,Laurie Alvarez,Shelter,North Raymond,(463)392-9887-42698
589,Nicole Williams,NGO,West Richard,727-771-3700
590,Terry Fernandez,Shelter,Mooreburgh,506-052-7523-43392
591,Susan Clark,NGO,Beckville,(020)435-7439
592,Michael Pennington,Charity,South Gabrielmouth,(905)420-9084
593,Douglas Mann MD,NGO,North Lisaburgh,3180399487.00
594,Sheri Johnson,Shelter,North Christopher,253-920-0751
595,Courtney Whitney,Individual,West Mariashire,001-528-446-7897
596,Natalie Navarro,Shelter,West Carrieberg,001-433-742-6627-972
597,Willie Nichols,Charity,Jonesland,001-117-609-7351-313
598,Alexa Guerra,NGO,Ariasbury,7691923865.00
599,Christopher Davis,NGO,South Yvettestad,+1-496-952-5072-2056
600,Bruce Alexander,Individual,New Tammyhaven,376-501-2938
601,Peter Gonzalez,Shelter,Biancaton,(112)578-4601-9811
602,Paul Carter,Individual,Kinghaven,(108)002-5301-83445
603,Christina Caldwell,Shelter,New Christopherburgh,(457)874-5807-7325
604,Ashley Hall,Individual,Butlerborough,-4664.00
605,Tara Johnson,NGO,East Nathan,9017973598.00
606,Jenna Bowen,Shelter,Nicoleside,(682)183-9790-650
607,Sean Wolf,NGO,Mcfarlandhaven,(490)913-7034-400
608,Oscar Bauer,Charity,South Nicoleberg,001-874-507-6783
609,Brian Riddle,Shelter,Jenniferbury,1493189525.00
610,Jimmy Morton,Charity,New Carrie,001-721-348-0570-6158
611,Jeff Rivas,Charity,Mcdanielmouth,675-065-4290-4573
612,Meredith Griffin,NGO,Patriciamouth,(330)818-7400
613,Renee Campbell,Shelter,North Tiffanyfort,199-375-0653-151
614,Peggy Parker,Shelter,South Waynefurt,(643)518-3066
615,Rachel Carson,NGO,Robertside,001-910-852-2109-575
616,Christopher Wright,Shelter,New Kellytown,+1-631-074-8622-827
617,Justin Lee,Individual,Shelleyburgh,199-646-5303-65771
618,Samuel Mendez,Individual,Andersonland,(064)431-0381
619,Taylor Estrada,NGO,Nguyenview,001-351-556-5960-359
620,Cassandra Foster,Individual,West Danielview,(283)047-5421-9049
621,David Jordan,Individual,Mendozabury,(705)816-8331-096
622,Gary Torres,Charity,Kimberlyview,(816)141-2613-8114
623,Phillip Rogers,Individual,Keithstad,626-554-6466-12045
624,Alvin Day Jr.,NGO,East Heatherbury,722-127-8600
625,Paul Lee,NGO,Stephenchester,+1-874-157-5024-3157
626,Theresa Gonzalez,Charity,Port David,050-568-6038-358
627,Beth Chavez,Shelter,East Nicole,+1-249-991-1004-0285
628,James Gardner,NGO,Morenoborough,405-211-3183-136
629,Andrea Hansen,NGO,Lake Mary,407-525-5651-8151
630,Sarah Ochoa,Charity,Vancebury,9182551669.00
631,Diana Fisher,Shelter,New Daryl,974-391-4500-152
632,Austin Smith,NGO,North Marcusbury,219-381-8831-93973
633,Jay Higgins,NGO,Perezhaven,880-990-8313
634,Jessica Watkins,Charity,Robertton,368-959-4075-9286
635,Lisa Marshall,Charity,Johnville,375-423-1187
636,Devon Burton,Charity,Blakehaven,907-108-9325-817
637,Benjamin Soto,NGO,West Garretthaven,8693958395.00
638,Timothy Browning,Charity,Moralesfort,001-836-247-3024
639,Jeffrey Vaughan,Charity,Cameronfurt,129-365-7408-619
640,Joseph Smith,NGO,Anthonystad,716-698-3766-7391
641,Robert Jones,Shelter,East Antoniobury,001-480-168-1124-978
642,Sarah Rose,NGO,New Ryanmouth,247-388-0838-6557
643,Mary Morrow,NGO,Melaniehaven,001-995-921-9720-7901
644,Deanna Brown DDS,Individual,Fowlerburgh,(695)147-4833
645,Steven Armstrong,NGO,Robertfurt,2161559564.00
646,Maria Lee,Individual,West Juanchester,(433)729-7840
647,Christine Davis,Charity,Josephton,144-359-7605
648,Heather Stewart,NGO,South Lucasview,518-936-4091-169
649,Cory Schmidt MD,Individual,Johnsonville,001-915-535-6309-779
650,Nicholas Peterson,NGO,West Troyview,001-528-783-1533-9196
651,Rebecca Mcbride,Charity,Port Timothymouth,(159)421-4100-43055
652,Sandy Ward,Shelter,North Michael,+1-532-646-0437-1719
653,Jason Garcia,Shelter,Port Mariemouth,229-688-4610-87983
654,John Murray,Shelter,Fernandezberg,001-664-004-0117-5796
655,Lauren Golden,NGO,Michealstad,(509)120-3093
656,Christopher Clark,NGO,Port Peggyshire,-5403.00
657,Patricia Salas,Individual,Port Maryshire,569-514-7193
658,Frank Olson,Shelter,South Anthonyside,001-996-747-5678-5051
659,Elizabeth Stewart,NGO,Kempstad,(659)731-0182-7759
660,James Hernandez II,Charity,Kenthaven,001-036-235-2960
661,Robert White,Charity,Petersonmouth,982-838-9359
662,Gabriel Harris,Individual,Port Shannonhaven,(853)034-2142-599
663,Michael English,NGO,Lake Daniel,612-320-3740
664,Joseph Nelson,Individual,Phillipston,7800327079.00
665,Felicia Collier,NGO,Toddstad,+1-113-202-4089-101
666,Meredith Hull,NGO,Markfurt,575-879-8768-33505
667,Christine Beasley,Individual,Jensenland,(667)729-4034
668,Maria Singh,NGO,Brandonhaven,+1-353-127-1876-477
669,Karen Cox,Charity,Davidland,791-759-9054-23904
670,Amber Hobbs,NGO,Rogersfort,914-864-5127-8523
671,Cindy Green PhD,NGO,Sharpfurt,6744184457.00
672,Janice Thornton,Charity,Allenmouth,(646)735-9177-4671
673,Shelly Castillo,Charity,Chenview,001-984-641-2359-15247
674,Stephen Harris,Charity,Port Seanshire,+1-163-880-7237-908
675,Robert Day,NGO,Goodmanfort,001-284-742-4202-15864
676,John Williams,Charity,Brooksborough,(057)537-1761-52273
677,Joshua Rush,Charity,New Mark,602-694-4031-226
678,Joseph Johnson,NGO,South Jasminechester,412-202-8352-6950
679,Alexis Rodriguez,Shelter,South Shirleymouth,(748)827-8108-926
680,James Lewis,NGO,Richardton,001-151-287-1850
681,Becky Hernandez,Shelter,Jeanshire,001-950-510-9795-700
682,Paige Lewis,Shelter,Karenfort,(150)608-5231-697
683,Mark Williams,NGO,Taylorport,001-520-963-8410
684,Kiara Martinez,Individual,Ellisborough,829-939-8804
685,Angela Knight,Individual,Port Joshua,491-330-2377-936
686,Spencer Roberts,Charity,East Sheenahaven,074-920-1029-14932
687,Danny Palmer,NGO,North Erikhaven,+1-931-315-8378-838
688,Jeffrey Turner,Charity,East Tiffanyview,001-321-160-3094-50214
689,Michael Murphy,NGO,Lake Sheilaland,+1-887-843-6402-64812
690,Jeffrey Knight,Individual,Wardshire,(207)794-8313
691,Brittany Williams,Individual,Christinehaven,078-314-8173-43041
692,Christopher Stokes,Individual,Joshuahaven,001-305-048-7931-49531
693,Carl Brewer,Individual,Nelsonbury,846-764-5157-7104
694,Rachel Arnold,Shelter,New James,001-087-674-1329-05614
695,Janet Newton,Individual,West Amandaport,930-590-8261
696,Kellie Hart,Charity,Changview,+1-235-589-9126-33112
697,Laura Leach,Charity,Davidtown,5465940771.00
698,Dawn Rodriguez MD,Charity,New Shauntown,+1-083-624-3293-3668
699,Sabrina Johnson,Charity,East Emily,001-552-124-3791
700,Kimberly Duncan,Shelter,West Monica,001-851-158-2436-740
701,Amber Arellano,NGO,South Marymouth,+1-718-425-8787-628
702,Rebecca Chan,Charity,West Brittany,(279)707-3052
703,Mr. Jonathan Williams,Individual,Bruceburgh,(606)010-6061
704,Jason Lowe,NGO,Sarahside,063-115-0253
705,Christopher Sellers,Charity,East Nathanstad,(570)957-6832
706,Shannon Jensen,Shelter,Lake Kevinport,001-378-570-1120-234
707,Jason Martin,Charity,New Frederickfort,001-501-877-7120-4743
708,Jacob Mendez,Individual,South Jason,(818)358-6757
709,Matthew Sanchez,Individual,New Stephanie,131-083-4622-013
710,Eric Carrillo,Shelter,Nicholsonland,001-905-007-8793-1997
711,Mark Carroll,Shelter,Lovestad,+1-762-369-5612-249
712,Laura Graham,NGO,Mercerport,096-804-5311-455
713,Robert Moses,Shelter,Port Terry,(629)870-5299-9094
714,Adam Phelps,Individual,North Amanda,001-586-612-6376
715,Tyler Christensen,Charity,Lake Douglas,306-691-2501
716,Angela Gregory,Individual,Lake Tracytown,(817)856-6676-112
717,Jonathon Gregory,Individual,Shortfort,040-511-7461-377
718,Matthew Brown,Individual,Port Amberfurt,785-336-0978
719,Brian Oneill,NGO,East Stephaniefort,(423)691-4227
720,Jeremiah Terry,Individual,Nicoleberg,+1-095-501-3103-762
721,Ashley Ramirez,Charity,Heatherburgh,604-382-3103
722,Deanna Owens,NGO,South Mark,(865)410-9397
723,Lisa Kim,Individual,New Brandyhaven,-3415.00
724,Randall Ford,Shelter,East Tasha,(072)037-8421-0768
725,Edward Lopez,NGO,New Matthewton,683-591-7229
726,Tammy Brown,Shelter,Victorton,+1-244-569-1621-3556
727,Troy Jimenez,Shelter,Port Marc,829-246-2756-7494
728,Dustin Stark,Charity,Kimberlymouth,(716)950-4574-79791
729,David Spence,Charity,Port Curtisside,-2655.00
730,Felicia Glover,Shelter,East Michael,982-844-2370
731,Jacob Scott,Charity,South Jenniferburgh,001-857-216-8483
732,Jessica Shields,Shelter,South Richard,519-092-5018-2511
733,David Fox,Individual,Longmouth,001-542-800-4782-916
734,Amanda Buchanan,NGO,Perryton,121-718-4571-61884
735,Kyle Scott,Individual,Reedview,001-980-204-3107-974
736,Damon Schmidt,Charity,Cummingschester,001-695-722-3687-35864
737,James Brown,Shelter,Lake Catherine,(152)508-8754-91151
738,Matthew Morgan,Charity,Robertton,(535)512-2781
739,Nancy Jones,Shelter,West Bradley,806-457-8047-368
740,Denise Lucas,Charity,East Jamesmouth,006-775-8489-1702
741,Amber Burnett,Charity,Garciashire,901-355-9555
742,Matthew Webb,Charity,West David,001-998-341-9445-0465
743,Nicholas Tucker,Charity,Port Samantha,(290)071-2070
744,Matthew Deleon,Individual,Danielsview,006-940-9278-989
745,Jose Vance,NGO,Lake Heatherberg,216-620-7837-2021
746,Kenneth Barnes,NGO,South Lindsay,(868)434-0244
747,Vanessa Johnson,Shelter,Wilsonshire,(151)347-7079-5528
748,Bridget Williams,Charity,South Williamview,001-079-347-2416-344
749,Michael Craig,Individual,Moralesburgh,131-489-9950-8143
750,Levi Lucas,Charity,North Vanessamouth,095-763-5392-058
751,Travis Johnson,Shelter,South Edward,785-640-1614
752,Cassidy Alvarado,Individual,Leahchester,-5812.00
753,Samantha Potter,Charity,Aguilarbury,+1-541-434-4196-086
754,Michael Ford,Individual,New Sean,389-988-8452
755,Eugene Beltran,Shelter,South Samanthaburgh,001-696-616-2431-933
756,Emma Anderson,NGO,Lake Michelle,001-369-347-5266
757,Christopher Garcia,Charity,North Danielchester,+1-837-555-5633-0883
758,Jennifer Lucero,NGO,South Theresaberg,(386)105-5091-35748
759,Kathleen Watkins,Shelter,Hardyberg,(435)788-4119-238
760,Gina Blankenship,Shelter,Brittanyborough,001-318-721-7199-01418
761,Douglas Roberts,Shelter,Deanstad,+1-988-077-7950-039
762,Donna Chang,NGO,East Stevenborough,9564962501.00
763,Karen Williamson,Shelter,Sandovalmouth,857-588-4472-78504
764,Krista Williams,Shelter,Oliverberg,4814373776.00
765,Joshua Hooper,Shelter,Buchananton,+1-013-463-1430-05130
766,John Reynolds,Shelter,Grahambury,001-062-085-9402-6875
767,Jordan Hart,Shelter,East Julietown,+1-161-753-6365-946
768,Mary Wilson,Charity,Lake Kimberlyton,484-336-3858-53588
769,John Warner,Shelter,Cookhaven,-5717.00
770,Jacob Gibbs,Charity,New Jesus,(806)265-1675
771,Emily Gallagher,Individual,Wagnerburgh,4916631678.00
772,Cassandra Yoder,Charity,Danielfurt,+1-928-766-0621-673
773,Hunter Richards,NGO,West Victoriaberg,001-581-778-1214
774,Tracy Bass,NGO,South Jessicaburgh,461-258-4749-956
775,Thomas Nelson,Charity,Donnamouth,+1-227-601-8962-271
776,James Thompson,Shelter,Ronaldmouth,(121)732-7913-396
777,Julie Dickerson,Shelter,Diazbury,383-138-2733-067
778,Kristie Townsend,Shelter,Melissaberg,(167)438-9582-45761
779,James Turner,NGO,North Mallorystad,+1-700-709-7978-681
780,Jacqueline Johnson,Shelter,Jeffreyland,+1-208-657-1423-44884
781,Jason Taylor,NGO,Reginaburgh,150-638-0354-9178
782,Timothy Burns,Charity,East Janetstad,(262)555-7560
783,Monica Phillips,Charity,New Phillipfurt,188-588-9838
784,Jill Harris,Shelter,Josephfurt,039-813-7188-11427
785,Melissa Lee,Charity,Brownport,(833)194-0479-719
786,Robert Kim,Shelter,Port Gabrielleborough,513-156-7998-53487
787,Rachel Rios,NGO,Sarahaven,319-104-8885
788,Beth Phillips,NGO,Zacharyview,(293)383-2279-8386
789,Laura Robertson,NGO,Hansonfurt,616-851-6533-67759
790,Stephanie Smith,Charity,West Carrieport,001-028-411-5954-38730
791,David Kennedy,Charity,Port Caleb,001-061-612-9715-40982
792,Tamara Frey,Shelter,Deanfort,(976)168-5693-615
793,Renee Anderson,Charity,Princehaven,040-132-4956
794,Lee Nunez,Individual,Andersonfort,468-857-1870-688
795,Caitlin Cobb,Charity,North Andresport,-6768.00
796,Lisa Carroll,NGO,South Jamesfort,+1-223-842-8919-643
797,Robert Becker,Charity,Danielland,060-756-0612
798,James Estrada,Individual,Westport,001-020-450-8542-5607
799,Adam Moore,Charity,East Josephview,+1-119-080-3260-81212
800,Anthony Garcia,Individual,Brownbury,+1-845-541-9687-513
801,Samantha Simpson,Shelter,West Meganmouth,001-030-832-3866-065
802,Lisa Cruz,Charity,Stevenmouth,(372)091-7748-36631
803,Joseph Stafford,Shelter,Lake Lindseystad,8127825617.00
804,Elizabeth Cochran,NGO,Theresabury,7711350025.00
805,Sharon Martin,Individual,South Michelleport,885-889-2008-8858
806,James Miller,NGO,Lisabury,+1-499-819-6868-6637
807,Taylor Miller,NGO,Josephside,+1-022-270-5486-316
808,Pamela Finley,Individual,Harrisfurt,001-160-542-5380-55508
809,Karen Cain,Individual,East Daisybury,506-960-4185-0865
810,Cody Meyer,NGO,Westshire,415-147-2095-47370
811,Scott Schroeder,Shelter,Markfurt,001-229-042-2531-276
812,Sabrina Klein MD,Individual,Shawhaven,071-615-4555-80217
813,Amber Hale,Individual,Comptonside,001-750-235-2728
814,Michael Petersen,NGO,Maryside,+1-454-301-1932-97038
815,James Miller,NGO,North Dawn,001-359-139-7284-11773
816,Jeremiah Hampton,Charity,South Sheryl,(837)048-4121
817,Victoria Torres,Charity,Martinchester,+1-624-780-9445-7755
818,Danielle Hayes,NGO,Andreaberg,1310927379.00
819,Christina Lambert,Shelter,Delgadofort,637-516-9143-5014
820,Patrick Velasquez,Individual,West Jacob,606-166-7246-746
821,Jeffrey Wilson,Charity,Davisport,001-245-390-7219-847
822,Aaron Malone,Shelter,East Mark,+1-803-136-6978-6095
823,James Rose,Shelter,East Amandaberg,658-204-7743
824,Madison Myers,Shelter,Cruzland,(123)500-8333-8386
825,Charles Morris,Charity,New Olivia,(006)107-4825-44414
826,Mr. Steven Reeves MD,Individual,West Jacquelinefort,+1-263-739-4608-1451
827,John Simmons,NGO,North Tanner,797-388-6145-650
828,Jason Mcpherson,Shelter,Michaelside,403-693-4197-409
829,Mr. Brian Fox,Charity,Scottbury,(301)316-4760-229
830,Jeffrey Cooper,Shelter,Lake Christian,001-877-245-5095
831,Samantha Ellison,Individual,New Kimberly,522-437-7292-9078
832,Kylie Young,Shelter,Ginaview,9131186244.00
833,Kelly Pierce,Shelter,West Josephland,370-467-1150-479
834,Renee Flynn,Individual,South Mark,093-501-8423
835,Jennifer Wright,Shelter,Lauratown,(257)556-3261-76228
836,Scott Craig,Shelter,South Lisa,118-382-6136
837,Michelle Reed,Shelter,West John,1072168815.00
838,Jessica Stephens,Charity,West Michaelton,358-977-8320
839,Michael Cox,NGO,North Kelly,001-953-739-5146-845
840,Mary Anderson,Shelter,South Mirandamouth,+1-148-126-0133-15456
841,Brian Reed,NGO,Amandaburgh,640-564-9498-1956
842,Robert Stewart,Shelter,New Laura,873-501-6244-4712
843,Glenn Anthony,Charity,Halltown,502-960-7549
844,Andrew Gray,Individual,Lake Dustin,(448)005-7192-2140
845,Adam Horton,NGO,Ramosberg,364-423-0076-300
846,Charles Aguilar,NGO,Johnsonchester,+1-148-261-9107-10033
847,Wesley Myers,Shelter,Meganburgh,(285)991-7532-0243
848,Terrence Wagner,Individual,Taraside,001-832-246-7583
849,Kyle Johnson,Shelter,Ellisshire,001-887-766-6073
850,Kristopher Mendoza,Individual,Bradfurt,(678)116-6339-54475
851,Christina Brown,NGO,Wyattton,(983)034-7865
852,Jo Martinez,Charity,Port Williamtown,+1-264-342-6012-6505
853,Tanya Lowe,Charity,Crawfordchester,(677)596-9794
854,Christopher Diaz,Individual,Lorifurt,001-442-106-2480-735
855,Robert Abbott,NGO,Collierburgh,+1-114-532-8181-037
856,Amanda Brown,Individual,New Larryshire,176-330-5060
857,Jennifer Taylor,Individual,Lake Kaylamouth,001-024-241-1359
858,Ashley Harris,Individual,Lake Stephenchester,001-680-582-4607-74285
859,Dana Williams,Charity,Cookstad,5259995693.00
860,James Knight,Charity,Kirkfort,+1-001-504-4343-556
861,Ashley Clark,NGO,Poolebury,518-622-6804-900
862,Justin Martinez,Individual,New Erikamouth,697-357-7122-04253
863,Jessica Camacho,Individual,Billyland,(190)674-9988-688
864,Justin Anderson,NGO,South Craigborough,+1-967-629-8865-504
865,Katherine Houston,Individual,Lake Joshuabury,(935)420-0196-9064
866,Jose Cooper,Shelter,Pooleside,(083)601-2157
867,Tara Williams,Individual,New Dakotahaven,7246108348.00
868,Kayla Erickson,Shelter,West Lindseyside,213-752-6967-0263
869,David Mendoza,Charity,North Shawnastad,001-517-864-9061-969
870,Joshua Mendoza,Charity,North Amy,(842)876-7043-953
871,Veronica Adams,Individual,Natalieside,3857123680.00
872,Lori Peters,Individual,Annaborough,270-652-6057-691
873,Darius Reid,Charity,Port Philipmouth,(306)939-5162
874,Danny Brown,Individual,East Shirley,829-371-2280-79605
875,Scott Smith,Individual,New Donnahaven,001-376-965-5711
876,Jeremy Robinson,NGO,Jamesview,001-097-198-3229-7777
877,Jeffrey Stafford,Shelter,North Nicholasborough,454-460-2468-7969
878,Cory Johnson,NGO,Port Robertmouth,(944)311-5766
879,Bridget Hill,Charity,South Emily,868-465-2331-6437
880,Kristen Foster,Shelter,North Ricardo,749-252-8592
881,Alan Riley,NGO,Tylermouth,+1-191-620-2120-274
882,Steven Shaffer,Shelter,Rodneyport,(799)793-9460
883,Aaron Rios,NGO,New Jeffreyhaven,543-629-4859-81093
884,Mary Evans,Shelter,North Josephmouth,248-457-5683
885,James Hardin,Individual,East Robert,716-035-6813-982
886,Amber Cruz,Shelter,Allenborough,+1-077-073-1734-206
887,Jean Woods,Shelter,Fernandezchester,+1-688-546-8304-8077
888,Matthew Davis,Charity,Birdview,1367475533.00
889,Holly Aguilar,NGO,West Sara,799-506-2068
890,Joseph Whitaker,NGO,Jamesborough,001-059-271-8576
891,Thomas Myers,Shelter,North Haleyhaven,579-856-5722
892,Brian Hardy,NGO,Lake Williamhaven,(062)642-7542-67155
893,Carrie Hess,Charity,Jarvisshire,+1-828-067-9673-188
894,Tammy Fletcher,Charity,New Adrian,219-550-2711
895,Ms. Deborah Campos,Individual,West Barry,001-579-948-5058
896,Jennifer Smith,Shelter,Josephton,179-728-0744
897,Shelby Rice,Shelter,New Loriberg,+1-213-470-2112-7474
898,Emily Ramos,Shelter,East Michaelview,033-795-7197-362
899,Rachel Pena,NGO,Grossport,(523)668-5935-836
900,Hannah Reynolds,Charity,East Kevinberg,731-040-5330-77836
901,Donald Caldwell,Shelter,Dawsonberg,001-191-071-2217-6177
902,Michelle Riley,NGO,New Juliaton,001-012-497-9466-8873
903,Cindy Robinson DDS,Shelter,Franklinview,4186239588.00
904,Amanda Kline,Shelter,East Travis,001-265-376-3204-275
905,Ann Odonnell,Charity,East Michael,(926)345-7660-29567
906,Christopher Gonzalez,Shelter,Payneland,+1-510-241-2999-765
907,Jamie Jenkins,NGO,New Melanie,001-676-903-9528-783
908,Abigail Crawford,NGO,Lake Shawn,(010)152-8668
909,Matthew Cordova,NGO,Rubioborough,001-905-589-8944-09730
910,Tina Donaldson,Shelter,Lake Brandibury,736-446-4714
911,Devon Martinez,Individual,Jessicaland,(861)258-2469-860
912,Katelyn Proctor,Charity,Williamsborough,001-949-271-7461-8101
913,Jeffrey Jones,NGO,Kennethmouth,2972292136.00
914,Jeffrey Walker,Individual,Woodardview,284721603.00
915,Deborah Garza,Shelter,South Alanville,695-589-2656
916,Lindsey Mathis,Shelter,Ianland,816-558-5061
917,Michael Townsend,Shelter,East Kevin,034-803-8502-33851
918,Katrina Cruz,Charity,Jenkinsfurt,709-191-5616-88772
919,Sarah Brown,Shelter,North Christina,001-119-880-7367-9899
920,Gregory Rodriguez,Charity,West Davidview,671-667-1616
921,Kelly Walls,Individual,Lake Victoriaton,857-517-5280
922,Savannah Holland,Individual,Kelleystad,4876887575.00
923,Victor Diaz,Shelter,Darinview,561-923-0470-922
924,Sarah Roberts,Shelter,North Janetland,001-513-459-3188-9757
925,Cassidy Davis,Individual,West Donaldmouth,001-815-359-4471
926,Kimberly Ware,Individual,East Sheriton,001-078-266-0266
927,Mary Escobar,Individual,Gloriaview,(663)863-6846-9153
928,Barbara Richards,Charity,Carlostown,524-811-9365-51761
929,Donna Terry,Charity,Mathistown,(104)858-7570
930,Joseph Smith,Shelter,Dunnbury,909-913-1799
931,Rhonda Lewis,Individual,South Michael,001-068-151-1254-26821
932,Justin Stevens,Charity,South Mary,001-756-051-1371-9827
933,Jodi Lee,NGO,West Paulfort,3517962649.00
934,Dr. Wendy Terrell,Charity,Erikashire,566-236-8791
935,John Harris,NGO,Riverafort,+1-827-545-0294-5697
936,Jacob Horton,NGO,Port Douglasland,+1-286-744-5283-04031
937,Mark Ward,NGO,Port Jonathanton,384311430.00
938,Matthew Thornton,NGO,Hayesfort,1084069823.00
939,Chad Vaughn,Charity,Lake Brandonborough,(565)199-2977-36531
940,Lynn Lucas,Charity,Elizabethberg,689-129-0146
941,Jessica Boyd,NGO,South Heather,001-758-410-5626-844
942,Earl Hess,Charity,Rodneyborough,(009)175-1556
943,Rebecca Lucas,Charity,New Jessicabury,721-446-3873-3399
944,Sharon Wood,Charity,New Melindashire,5282176863.00
945,Alex Leon,Individual,Caitlynhaven,(667)114-0630-55873
946,Taylor Mann,Charity,North Lawrence,001-766-748-2534-468
947,Debra Webster,Charity,East Debramouth,(930)291-9053-13757
948,Thomas Castaneda,NGO,West Ashleymouth,182-504-4729-4296
949,Allison Pennington,Individual,North Lydiaberg,-8096.00
950,Caitlin Bennett,NGO,Delacruzborough,(351)050-3132-9588
951,Brittany Mcclain,Individual,Robertville,(811)036-2093-7533
952,Sarah Morgan,Charity,Gilbertfurt,-9438.00
953,Tina Anderson,Charity,Port Jonathanhaven,102-168-5649
954,Mark Russell,NGO,Nathanstad,(381)175-3680
955,Christopher Wong,Charity,Jacquelineshire,(745)135-7397
956,Jacqueline Fernandez,Charity,Kennethside,+1-573-412-8522-8213
957,Angela Hall,Charity,Greenville,2576243615.00
958,Scott Brown,Individual,Oneillland,001-879-448-7571-7987
959,Samantha Gomez,Charity,Suzanneton,001-955-495-8534-09912
960,Jason Hughes,Shelter,Myerstown,851-627-0395-00955
961,Tyler Gray,NGO,West Dustinberg,(374)850-8848
962,Donald Anderson,Shelter,North Stephanieborough,+1-224-951-1888-539
963,Victor Ward,NGO,Johnhaven,628-048-2026-3385
964,Donald Moore,Individual,Davisfort,001-742-164-8768-9906
965,Ashley Silva,NGO,Port Thomas,(553)048-3123-8350
966,Sheila Lang,NGO,Lake Larryborough,001-585-286-2289
967,Samantha Sherman,Individual,Port Cindyberg,(659)277-6748-37772
968,Mr. Joseph Herring,Individual,Mariefurt,839-044-2094
969,Leon Foster,NGO,Bennettton,198-936-9076
970,Brandon Rice,Shelter,South Benjamin,-2939.00
971,Teresa Estrada,Individual,Mayburgh,320-778-4104
972,Patricia Joseph,Individual,Lauraport,611-927-6696-43169
973,Brian Johnson,NGO,Patrickfort,001-751-479-5501-9929
974,Mark Miller,NGO,North Joshua,011-361-1154-694
975,Danielle Bullock,Individual,Amandafurt,(888)253-9476-2056
976,Tammy Patrick,Individual,Clarkton,001-671-552-9014-817
977,Pamela Scott,Charity,South Paul,310-642-0442
978,Adam Evans,Individual,Lake Sonya,484-398-0067-44415
979,Rebecca Wright,Charity,Teresastad,+1-707-387-4410-419
980,Elizabeth Fisher,Shelter,Carrborough,(298)908-3776-9550
981,Dawn Jennings,Shelter,Port Cody,085-759-6512-5392
982,Thomas Villanueva,NGO,Gutierrezmouth,001-338-603-9644
983,Joanna Black,NGO,North Jacobhaven,781-950-5825
984,Steve Kirby,Charity,Travishaven,815-195-8711-59256
985,Thomas Sanchez,NGO,Rodneyfurt,231-592-1072-512
986,Rita Kane,Shelter,South Jamie,-2708.00
987,Becky Smith,Shelter,East Renee,7907087489.00
988,Kristi Rodriguez,Charity,Nielsenberg,349-864-5409-08379
989,Timothy Bradshaw,Individual,North Laura,451-260-5312
990,Patricia Hardy,Shelter,Thomasport,076-687-3532-03467
991,Lindsey Wagner,Shelter,Jessicaburgh,(401)052-7584
992,James Curry,Individual,Port Johnside,(223)043-8999-392
993,Alexis Hayes,Shelter,Matthewmouth,543-812-0534-6473
994,Angelica Simmons,NGO,Port Kellifort,(902)942-8232
995,Brittany Taylor,Individual,Andrewsport,296-568-7106-4981
996,Matthew Curtis,Shelter,Lanechester,127-889-4442-1289
997,Amanda Cain,NGO,New Steven,+1-001-491-5601-5316
998,Theodore Briggs,Individual,South Sandra,930-609-9442-5031
999,Cheyenne Ramsey,NGO,Lake Jeffery,001-326-320-4816-15300
1000,April Miller,Shelter,Shelbychester,894-873-2652-23999
